IBERT instance name,Dir,A part,A inst,A pin name,A pin,A net,Coupling cap,B part,B inst,B pin name,B pin,B net,IO#
Quad_120/MGT_X0Y4,O,XCVU160-H1FLGC2104,IC15,MGTYTXP0_120,BF38,-,-,-,-,-,-,-,-
Quad_120/MGT_X0Y4,I,XCVU160-H1FLGC2104,IC15,MGTYRXP0_120,BF33,SLRX4_P<5>_C,C259,AFBR-821FH1Z,RX10,D5+,J4,MP_RXD_P<5>_13,05
Quad_120/MGT_X0Y5,O,XCVU160-H1FLGC2104,IC15,MGTYTXP1_120,BE36,-,-,-,-,-,-,-,-
Quad_120/MGT_X0Y5,I,XCVU160-H1FLGC2104,IC15,MGTYRXP1_120,BD33,SLRX4_P<3>_C,C261,AFBR-821FH1Z,RX10,D3+,J2,MP_RXD_P<3>_13,03
Quad_120/MGT_X0Y6,O,XCVU160-H1FLGC2104,IC15,MGTYTXP2_120,BE40,-,-,-,-,-,-,-,-
Quad_120/MGT_X0Y6,I,XCVU160-H1FLGC2104,IC15,MGTYRXP2_120,BF43,SLRX4_N<6>_C,C271,AFBR-821FH1Z,RX10,D6-,B6,MP_RXD_N<6>_13,06
Quad_120/MGT_X0Y7,O,XCVU160-H1FLGC2104,IC15,MGTYTXP3_120,BD38,-,-,-,-,-,-,-,-
Quad_120/MGT_X0Y7,I,XCVU160-H1FLGC2104,IC15,MGTYRXP3_120,BD43,SLRX4_N<4>_C,C269,AFBR-821FH1Z,RX10,D4-,B4,MP_RXD_N<4>_13,04
Quad_121/MGT_X0Y8,O,XCVU160-H1FLGC2104,IC15,MGTYTXP0_121,BC40,-,-,-,-,-,-,-,-
Quad_121/MGT_X0Y8,I,XCVU160-H1FLGC2104,IC15,MGTYRXP0_121,BC45,SLRX4_N<10>_C,C275,AFBR-821FH1Z,RX10,D10-,D8,MP_RXD_N<10>_12,10
Quad_121/MGT_X0Y9,O,XCVU160-H1FLGC2104,IC15,MGTYTXP1_121,BB38,-,-,-,-,-,-,-,-
Quad_121/MGT_X0Y9,I,XCVU160-H1FLGC2104,IC15,MGTYRXP1_121,BB43,SLRX4_P<2>_C,C267,AFBR-821FH1Z,RX10,D2+,A2,MP_RXD_P<2>_13,02
Quad_121/MGT_X0Y10,O,XCVU160-H1FLGC2104,IC15,MGTYTXP2_121,BA40,-,-,-,-,-,-,-,-
Quad_121/MGT_X0Y10,I,XCVU160-H1FLGC2104,IC15,MGTYRXP2_121,BA45,SLRX4_P<11>_C,C277,AFBR-821FH1Z,RX10,D11+,F9,MP_RXD_P<11>_12,11
Quad_121/MGT_X0Y11,O,XCVU160-H1FLGC2104,IC15,MGTYTXP3_121,AY38,-,-,-,-,-,-,-,-
Quad_121/MGT_X0Y11,I,XCVU160-H1FLGC2104,IC15,MGTYRXP3_121,AY43,SLRX4_P<0>_C,C265,AFBR-821FH1Z,RX10,D0+,D1,MP_RXD_P<0>_13,00
Quad_122/MGT_X0Y12,O,XCVU160-H1FLGC2104,IC15,MGTYTXP0_122,AW40,-,-,-,-,-,-,-,-
Quad_122/MGT_X0Y12,I,XCVU160-H1FLGC2104,IC15,MGTYRXP0_122,AW45,SLRX4_P<9>_C,C279,AFBR-821FH1Z,RX10,D9+,J8,MP_RXD_P<9>_12,09
Quad_122/MGT_X0Y13,O,XCVU160-H1FLGC2104,IC15,MGTYTXP1_122,AV38,-,-,-,-,-,-,-,-
Quad_122/MGT_X0Y13,I,XCVU160-H1FLGC2104,IC15,MGTYRXP1_122,AV43,SLRX4_P<1>_C,C263,AFBR-821FH1Z,RX10,D1+,F1,MP_RXD_P<1>_13,01
Quad_122/MGT_X0Y14,O,XCVU160-H1FLGC2104,IC15,MGTYTXP2_122,AU40,-,-,-,-,-,-,-,-
Quad_122/MGT_X0Y14,I,XCVU160-H1FLGC2104,IC15,MGTYRXP2_122,AU45,SLRX4_P<7>_C,C281,AFBR-821FH1Z,RX10,D7+,J6,MP_RXD_P<7>_13,07
Quad_122/MGT_X0Y15,O,XCVU160-H1FLGC2104,IC15,MGTYTXP3_122,AT38,-,-,-,-,-,-,-,-
Quad_122/MGT_X0Y15,I,XCVU160-H1FLGC2104,IC15,MGTYRXP3_122,AT43,SLRX4_N<8>_C,C273,AFBR-821FH1Z,RX10,D8-,B8,MP_RXD_N<8>_12,08
Quad_124/MGT_X0Y20,O,XCVU160-H1FLGC2104,IC15,MGTYTXP0_124,AR40,-,-,-,-,-,-,-,-
Quad_124/MGT_X0Y20,I,XCVU160-H1FLGC2104,IC15,MGTYRXP0_124,AR45,SLRX5_P<5>_C,C283,AFBR-821FH1Z,RX11,D5+,J4,MP_RXD_P<5>_14,05
Quad_124/MGT_X0Y21,O,XCVU160-H1FLGC2104,IC15,MGTYTXP1_124,AP38,-,-,-,-,-,-,-,-
Quad_124/MGT_X0Y21,I,XCVU160-H1FLGC2104,IC15,MGTYRXP1_124,AP43,SLRX5_P<3>_C,C285,AFBR-821FH1Z,RX11,D3+,J2,MP_RXD_P<3>_14,03
Quad_124/MGT_X0Y22,O,XCVU160-H1FLGC2104,IC15,MGTYTXP2_124,AN40,-,-,-,-,-,-,-,-
Quad_124/MGT_X0Y22,I,XCVU160-H1FLGC2104,IC15,MGTYRXP2_124,AN45,SLRX5_P<1>_C,C287,AFBR-821FH1Z,RX11,D1+,F1,MP_RXD_P<1>_14,01
Quad_124/MGT_X0Y23,O,XCVU160-H1FLGC2104,IC15,MGTYTXP3_124,AM38,-,-,-,-,-,-,-,-
Quad_124/MGT_X0Y23,I,XCVU160-H1FLGC2104,IC15,MGTYRXP3_124,AM43,SLRX5_P<0>_C,C289,AFBR-821FH1Z,RX11,D0+,D1,MP_RXD_P<0>_14,00
Quad_125/MGT_X0Y24,O,XCVU160-H1FLGC2104,IC15,MGTYTXP0_125,AL40,-,-,-,-,-,-,-,-
Quad_125/MGT_X0Y24,I,XCVU160-H1FLGC2104,IC15,MGTYRXP0_125,AL45,SLRX5_P<2>_C,C291,AFBR-821FH1Z,RX11,D2+,A2,MP_RXD_P<2>_14,02
Quad_125/MGT_X0Y25,O,XCVU160-H1FLGC2104,IC15,MGTYTXP1_125,AK38,-,-,-,-,-,-,-,-
Quad_125/MGT_X0Y25,I,XCVU160-H1FLGC2104,IC15,MGTYRXP1_125,AK43,SLRX5_N<4>_C,C293,AFBR-821FH1Z,RX11,D4-,B4,MP_RXD_N<4>_14,04
Quad_125/MGT_X0Y26,O,XCVU160-H1FLGC2104,IC15,MGTYTXP2_125,AJ40,-,-,-,-,-,-,-,-
Quad_125/MGT_X0Y26,I,XCVU160-H1FLGC2104,IC15,MGTYRXP2_125,AJ45,SLRX5_N<6>_C,C295,AFBR-821FH1Z,RX11,D6-,B6,MP_RXD_N<6>_14,06
Quad_125/MGT_X0Y27,O,XCVU160-H1FLGC2104,IC15,MGTYTXP3_125,AH38,-,-,-,-,-,-,-,-
Quad_125/MGT_X0Y27,I,XCVU160-H1FLGC2104,IC15,MGTYRXP3_125,AH43,SLRX5_N<8>_C,C297,AFBR-821FH1Z,RX11,D8-,B8,MP_RXD_N<8>_13,08
Quad_126/MGT_X0Y28,O,XCVU160-H1FLGC2104,IC15,MGTYTXP0_126,AG40,-,-,-,-,-,-,-,-
Quad_126/MGT_X0Y28,I,XCVU160-H1FLGC2104,IC15,MGTYRXP0_126,AG45,SLRX5_N<10>_C,C299,AFBR-821FH1Z,RX11,D10-,D8,MP_RXD_N<10>_13,10
Quad_126/MGT_X0Y29,O,XCVU160-H1FLGC2104,IC15,MGTYTXP1_126,AF38,-,-,-,-,-,-,-,-
Quad_126/MGT_X0Y29,I,XCVU160-H1FLGC2104,IC15,MGTYRXP1_126,AF43,SLRX5_P<11>_C,C301,AFBR-821FH1Z,RX11,D11+,F9,MP_RXD_P<11>_13,11
Quad_126/MGT_X0Y30,O,XCVU160-H1FLGC2104,IC15,MGTYTXP2_126,AE40,-,-,-,-,-,-,-,-
Quad_126/MGT_X0Y30,I,XCVU160-H1FLGC2104,IC15,MGTYRXP2_126,AE45,SLRX5_P<9>_C,C303,AFBR-821FH1Z,RX11,D9+,J8,MP_RXD_P<9>_13,09
Quad_126/MGT_X0Y31,O,XCVU160-H1FLGC2104,IC15,MGTYTXP3_126,AD38,-,-,-,-,-,-,-,-
Quad_126/MGT_X0Y31,I,XCVU160-H1FLGC2104,IC15,MGTYRXP3_126,AD43,SLRX5_P<7>_C,C305,AFBR-821FH1Z,RX11,D7+,J6,MP_RXD_P<7>_14,07
Quad_127/MGT_X0Y32,O,XCVU160-H1FLGC2104,IC15,MGTYTXP0_127,AC40,-,-,-,-,-,-,-,-
Quad_127/MGT_X0Y32,I,XCVU160-H1FLGC2104,IC15,MGTYRXP0_127,AC45,SLRX6_P<5>_C,C307,AFBR-821FH1Z,RX12,D5+,J4,MP_RXD_P<5>_15,05
Quad_127/MGT_X0Y33,O,XCVU160-H1FLGC2104,IC15,MGTYTXP1_127,AB38,-,-,-,-,-,-,-,-
Quad_127/MGT_X0Y33,I,XCVU160-H1FLGC2104,IC15,MGTYRXP1_127,AB43,SLRX6_P<3>_C,C309,AFBR-821FH1Z,RX12,D3+,J2,MP_RXD_P<3>_15,03
Quad_127/MGT_X0Y34,O,XCVU160-H1FLGC2104,IC15,MGTYTXP2_127,AA40,-,-,-,-,-,-,-,-
Quad_127/MGT_X0Y34,I,XCVU160-H1FLGC2104,IC15,MGTYRXP2_127,AA45,SLRX6_P<1>_C,C311,AFBR-821FH1Z,RX12,D1+,F1,MP_RXD_P<1>_15,01
Quad_127/MGT_X0Y35,O,XCVU160-H1FLGC2104,IC15,MGTYTXP3_127,Y38,-,-,-,-,-,-,-,-
Quad_127/MGT_X0Y35,I,XCVU160-H1FLGC2104,IC15,MGTYRXP3_127,Y43,SLRX6_P<0>_C,C313,AFBR-821FH1Z,RX12,D0+,D1,MP_RXD_P<0>_15,00
Quad_128/MGT_X0Y36,O,XCVU160-H1FLGC2104,IC15,MGTYTXP0_128,W40,-,-,-,-,-,-,-,-
Quad_128/MGT_X0Y36,I,XCVU160-H1FLGC2104,IC15,MGTYRXP0_128,W45,SLRX6_P<2>_C,C315,AFBR-821FH1Z,RX12,D2+,A2,MP_RXD_P<2>_15,02
Quad_128/MGT_X0Y37,O,XCVU160-H1FLGC2104,IC15,MGTYTXP1_128,V38,-,-,-,-,-,-,-,-
Quad_128/MGT_X0Y37,I,XCVU160-H1FLGC2104,IC15,MGTYRXP1_128,V43,SLRX6_N<4>_C,C317,AFBR-821FH1Z,RX12,D4-,B4,MP_RXD_N<4>_15,04
Quad_128/MGT_X0Y38,O,XCVU160-H1FLGC2104,IC15,MGTYTXP2_128,U40,-,-,-,-,-,-,-,-
Quad_128/MGT_X0Y38,I,XCVU160-H1FLGC2104,IC15,MGTYRXP2_128,U45,SLRX6_N<6>_C,C319,AFBR-821FH1Z,RX12,D6-,B6,MP_RXD_N<6>_15,06
Quad_128/MGT_X0Y39,O,XCVU160-H1FLGC2104,IC15,MGTYTXP3_128,T38,-,-,-,-,-,-,-,-
Quad_128/MGT_X0Y39,I,XCVU160-H1FLGC2104,IC15,MGTYRXP3_128,T43,SLRX6_N<8>_C,C321,AFBR-821FH1Z,RX12,D8-,B8,MP_RXD_N<8>_14,08
Quad_129/MGT_X0Y40,O,XCVU160-H1FLGC2104,IC15,MGTYTXP0_129,R40,-,-,-,-,-,-,-,-
Quad_129/MGT_X0Y40,I,XCVU160-H1FLGC2104,IC15,MGTYRXP0_129,R45,SLRX6_N<10>_C,C323,AFBR-821FH1Z,RX12,D10-,D8,MP_RXD_N<10>_14,10
Quad_129/MGT_X0Y41,O,XCVU160-H1FLGC2104,IC15,MGTYTXP1_129,P38,-,-,-,-,-,-,-,-
Quad_129/MGT_X0Y41,I,XCVU160-H1FLGC2104,IC15,MGTYRXP1_129,P43,SLRX6_P<11>_C,C325,AFBR-821FH1Z,RX12,D11+,F9,MP_RXD_P<11>_14,11
Quad_129/MGT_X0Y42,O,XCVU160-H1FLGC2104,IC15,MGTYTXP2_129,N40,-,-,-,-,-,-,-,-
Quad_129/MGT_X0Y42,I,XCVU160-H1FLGC2104,IC15,MGTYRXP2_129,N45,SLRX6_P<9>_C,C327,AFBR-821FH1Z,RX12,D9+,J8,MP_RXD_P<9>_14,09
Quad_129/MGT_X0Y43,O,XCVU160-H1FLGC2104,IC15,MGTYTXP3_129,M38,-,-,-,-,-,-,-,-
Quad_129/MGT_X0Y43,I,XCVU160-H1FLGC2104,IC15,MGTYRXP3_129,M43,SLRX6_P<7>_C,C329,AFBR-821FH1Z,RX12,D7+,J6,MP_RXD_P<7>_15,07
Quad_130/MGT_X0Y44,O,XCVU160-H1FLGC2104,IC15,MGTYTXP0_130,L40,-,-,-,-,-,-,-,-
Quad_130/MGT_X0Y44,I,XCVU160-H1FLGC2104,IC15,MGTYRXP0_130,L45,SLRX7_P<5>_C,C331,AFBR-821FH1Z,RX13,D5+,J4,MP_RXD_P<5>_16,05
Quad_130/MGT_X0Y45,O,XCVU160-H1FLGC2104,IC15,MGTYTXP1_130,K38,-,-,-,-,-,-,-,-
Quad_130/MGT_X0Y45,I,XCVU160-H1FLGC2104,IC15,MGTYRXP1_130,K43,SLRX7_P<3>_C,C333,AFBR-821FH1Z,RX13,D3+,J2,MP_RXD_P<3>_16,03
Quad_130/MGT_X0Y46,O,XCVU160-H1FLGC2104,IC15,MGTYTXP2_130,J40,-,-,-,-,-,-,-,-
Quad_130/MGT_X0Y46,I,XCVU160-H1FLGC2104,IC15,MGTYRXP2_130,J45,SLRX7_P<1>_C,C335,AFBR-821FH1Z,RX13,D1+,F1,MP_RXD_P<1>_16,01
Quad_130/MGT_X0Y47,O,XCVU160-H1FLGC2104,IC15,MGTYTXP3_130,H38,-,-,-,-,-,-,-,-
Quad_130/MGT_X0Y47,I,XCVU160-H1FLGC2104,IC15,MGTYRXP3_130,H43,SLRX7_P<0>_C,C337,AFBR-821FH1Z,RX13,D0+,D1,MP_RXD_P<0>_16,00
Quad_131/MGT_X0Y48,O,XCVU160-H1FLGC2104,IC15,MGTYTXP0_131,G40,-,-,-,-,-,-,-,-
Quad_131/MGT_X0Y48,I,XCVU160-H1FLGC2104,IC15,MGTYRXP0_131,G45,SLRX7_P<2>_C,C339,AFBR-821FH1Z,RX13,D2+,A2,MP_RXD_P<2>_16,02
Quad_131/MGT_X0Y49,O,XCVU160-H1FLGC2104,IC15,MGTYTXP1_131,F38,-,-,-,-,-,-,-,-
Quad_131/MGT_X0Y49,I,XCVU160-H1FLGC2104,IC15,MGTYRXP1_131,F43,SLRX7_N<4>_C,C341,AFBR-821FH1Z,RX13,D4-,B4,MP_RXD_N<4>_16,04
Quad_131/MGT_X0Y50,O,XCVU160-H1FLGC2104,IC15,MGTYTXP2_131,G36,-,-,-,-,-,-,-,-
Quad_131/MGT_X0Y50,I,XCVU160-H1FLGC2104,IC15,MGTYRXP2_131,G31,SLRX7_N<9>_C,C352,AFBR-821FH1Z,RX13,D9-,H8,MP_RXD_N<9>_15,09
Quad_131/MGT_X0Y51,O,XCVU160-H1FLGC2104,IC15,MGTYTXP3_131,F34,-,-,-,-,-,-,-,-
Quad_131/MGT_X0Y51,I,XCVU160-H1FLGC2104,IC15,MGTYRXP3_131,E31,SLRX7_N<7>_C,C354,AFBR-821FH1Z,RX13,D7-,H6,MP_RXD_N<7>_16,07
Quad_132/MGT_X0Y52,O,XCVU160-H1FLGC2104,IC15,MGTYTXP0_132,E40,-,-,-,-,-,-,-,-
Quad_132/MGT_X0Y52,I,XCVU160-H1FLGC2104,IC15,MGTYRXP0_132,E45,SLRX7_N<6>_C,C343,AFBR-821FH1Z,RX13,D6-,B6,MP_RXD_N<6>_16,06
Quad_132/MGT_X0Y53,O,XCVU160-H1FLGC2104,IC15,MGTYTXP1_132,E36,-,-,-,-,-,-,-,-
Quad_132/MGT_X0Y53,I,XCVU160-H1FLGC2104,IC15,MGTYRXP1_132,D43,SLRX7_N<8>_C,C345,AFBR-821FH1Z,RX13,D8-,B8,MP_RXD_N<8>_15,08
Quad_132/MGT_X0Y54,O,XCVU160-H1FLGC2104,IC15,MGTYTXP2_132,C40,-,-,-,-,-,-,-,-
Quad_132/MGT_X0Y54,I,XCVU160-H1FLGC2104,IC15,MGTYRXP2_132,C45,SLRX7_N<10>_C,C347,AFBR-821FH1Z,RX13,D10-,D8,MP_RXD_N<10>_15,10
Quad_132/MGT_X0Y55,O,XCVU160-H1FLGC2104,IC15,MGTYTXP3_132,A40,-,-,-,-,-,-,-,-
Quad_132/MGT_X0Y55,I,XCVU160-H1FLGC2104,IC15,MGTYRXP3_132,B43,SLRX7_P<11>_C,C349,AFBR-821FH1Z,RX13,D11+,F9,MP_RXD_P<11>_15,11
Quad_133/MGT_X0Y56,O,XCVU160-H1FLGC2104,IC15,MGTYTXP0_133,D38,-,-,-,-,-,-,-,-
Quad_133/MGT_X0Y56,I,XCVU160-H1FLGC2104,IC15,MGTYRXP0_133,D33,SLRX8_N<5>_C,C356,AFBR-821FH1Z,RX14,D5-,H4,MP_RXD_N<5>,05
Quad_133/MGT_X0Y57,O,XCVU160-H1FLGC2104,IC15,MGTYTXP1_133,C36,-,-,-,-,-,-,-,-
Quad_133/MGT_X0Y57,I,XCVU160-H1FLGC2104,IC15,MGTYRXP1_133,C31,SLRX8_N<1>_C,C360,AFBR-821FH1Z,RX14,D1-,F2,MP_RXD_N<1>,01
Quad_133/MGT_X0Y58,O,XCVU160-H1FLGC2104,IC15,MGTYTXP2_133,B38,-,-,-,-,-,-,-,-
Quad_133/MGT_X0Y58,I,XCVU160-H1FLGC2104,IC15,MGTYRXP2_133,B33,SLRX8_N<3>_C,C358,AFBR-821FH1Z,RX14,D3-,H2,MP_RXD_N<3>,03
Quad_133/MGT_X0Y59,O,XCVU160-H1FLGC2104,IC15,MGTYTXP3_133,A36,-,-,-,-,-,-,-,-
Quad_133/MGT_X0Y59,I,XCVU160-H1FLGC2104,IC15,MGTYRXP3_133,A31,SLRX8_N<0>_C,C362,AFBR-821FH1Z,RX14,D0-,D2,MP_RXD_N<0>,00
Quad_220/MGT_X0Y4,I,XCVU160-H1FLGC2104,IC15,MGTHRXP0_220,BF14,SLRX0_P<4>_C,C437,AFBR-821FH1Z,RX15,D4+,A4,MP_RXD_P<4>_9,04
Quad_220/MGT_X0Y4,O,XCVU160-H1FLGC2104,IC15,MGTHTXP0_220,BF9,TPTX0_P<5>_C,No,AFBR-811FH1Z,TX3,D5+,J4,-,05
Quad_220/MGT_X0Y5,I,XCVU160-H1FLGC2104,IC15,MGTHRXP1_220,BD14,SLRX0_N<2>_C,C439,AFBR-821FH1Z,RX15,D2-,B2,MP_RXD_N<2>_9,02
Quad_220/MGT_X0Y5,O,XCVU160-H1FLGC2104,IC15,MGTHTXP1_220,BE11,TPTX0_P<3>_C,No,AFBR-811FH1Z,TX3,D3+,J2,-,03
Quad_220/MGT_X0Y6,I,XCVU160-H1FLGC2104,IC15,MGTHRXP2_220,BF4,SLRX0_N<0>_C,C441,AFBR-821FH1Z,RX15,D0-,D2,MP_RXD_N<0>_9,00
Quad_220/MGT_X0Y6,O,XCVU160-H1FLGC2104,IC15,MGTHTXP2_220,BE7,TPTX0_N<7>_C,No,AFBR-811FH1Z,TX3,D7-,H6,-,07
Quad_220/MGT_X0Y7,I,XCVU160-H1FLGC2104,IC15,MGTHRXP3_220,BD4,SLRX0_P<1>_C,C443,AFBR-821FH1Z,RX15,D1+,F1,MP_RXD_P<1>_9,01
Quad_220/MGT_X0Y7,O,XCVU160-H1FLGC2104,IC15,MGTHTXP3_220,BD9,TPTX0_P<0>_C,No,AFBR-811FH1Z,TX3,D0+,D1,-,00
Quad_221/MGT_X0Y8,I,XCVU160-H1FLGC2104,IC15,MGTHRXP0_221,BC2,SLRX0_P<3>_C,C445,AFBR-821FH1Z,RX15,D3+,J2,MP_RXD_P<3>_9,03
Quad_221/MGT_X0Y8,O,XCVU160-H1FLGC2104,IC15,MGTHTXP0_221,BC7,TPTX0_P<9>_C,No,AFBR-811FH1Z,TX3,D9+,J8,-,09
Quad_221/MGT_X0Y9,I,XCVU160-H1FLGC2104,IC15,MGTHRXP1_221,BB4,SLRX0_N<5>_C,C447,AFBR-821FH1Z,RX15,D5-,H4,MP_RXD_N<5>_9,05
Quad_221/MGT_X0Y9,O,XCVU160-H1FLGC2104,IC15,MGTHTXP1_221,BB9,TPTX0_P<1>_C,No,AFBR-811FH1Z,TX3,D1+,F1,-,01
Quad_221/MGT_X0Y10,I,XCVU160-H1FLGC2104,IC15,MGTHRXP2_221,BA2,SLRX0_N<7>_C,C449,AFBR-821FH1Z,RX15,D7-,H6,MP_RXD_N<7>_9,07
Quad_221/MGT_X0Y10,O,XCVU160-H1FLGC2104,IC15,MGTHTXP2_221,BA7,TPTX0_N<2>_C,No,AFBR-811FH1Z,TX3,D2-,B2,-,02
Quad_221/MGT_X0Y11,I,XCVU160-H1FLGC2104,IC15,MGTHRXP3_221,AY4,SLRX0_N<9>_C,C451,AFBR-821FH1Z,RX15,D9-,H8,MP_RXD_N<9>,09
Quad_221/MGT_X0Y11,O,XCVU160-H1FLGC2104,IC15,MGTHTXP3_221,AY9,TPTX0_P<11>_C,No,AFBR-811FH1Z,TX3,D11+,F9,-,11
Quad_222/MGT_X0Y12,I,XCVU160-H1FLGC2104,IC15,MGTHRXP0_222,AW2,SLRX0_N<11>_C,C453,AFBR-821FH1Z,RX15,D11-,F8,MP_RXD_N<11>,11
Quad_222/MGT_X0Y12,O,XCVU160-H1FLGC2104,IC15,MGTHTXP0_222,AW7,TPTX0_N<10>_C,No,AFBR-811FH1Z,TX3,D10-,D8,-,10
Quad_222/MGT_X0Y13,I,XCVU160-H1FLGC2104,IC15,MGTHRXP1_222,AV4,SLRX0_N<10>_C,C455,AFBR-821FH1Z,RX15,D10-,D8,MP_RXD_N<10>,10
Quad_222/MGT_X0Y13,O,XCVU160-H1FLGC2104,IC15,MGTHTXP1_222,AV9,TPTX0_N<4>_C,No,AFBR-811FH1Z,TX3,D4-,B4,-,04
Quad_222/MGT_X0Y14,I,XCVU160-H1FLGC2104,IC15,MGTHRXP2_222,AU2,SLRX0_P<8>_C,C457,AFBR-821FH1Z,RX15,D8+,A8,MP_RXD_P<8>,08
Quad_222/MGT_X0Y14,O,XCVU160-H1FLGC2104,IC15,MGTHTXP2_222,AU7,TPTX0_N<8>_C,No,AFBR-811FH1Z,TX3,D8-,B8,-,08
Quad_222/MGT_X0Y15,I,XCVU160-H1FLGC2104,IC15,MGTHRXP3_222,AT4,SLRX0_P<6>_C,C459,AFBR-821FH1Z,RX15,D6+,A6,MP_RXD_P<6>_9,06
Quad_222/MGT_X0Y15,O,XCVU160-H1FLGC2104,IC15,MGTHTXP3_222,AT9,TPTX0_N<6>_C,No,AFBR-811FH1Z,TX3,D6-,B6,-,06
Quad_224/MGT_X0Y20,I,XCVU160-H1FLGC2104,IC15,MGTHRXP0_224,AR2,SLRX1_P<4>_C,C461,AFBR-821FH1Z,RX16,D4+,A4,MP_RXD_P<4>_10,04
Quad_224/MGT_X0Y20,O,XCVU160-H1FLGC2104,IC15,MGTHTXP0_224,AR7,TPTX1_P<3>_C,No,AFBR-811FH1Z,TX4,D3+,J2,-,03
Quad_224/MGT_X0Y21,I,XCVU160-H1FLGC2104,IC15,MGTHRXP1_224,AP4,SLRX1_N<2>_C,C463,AFBR-821FH1Z,RX16,D2-,B2,MP_RXD_N<2>_10,02
Quad_224/MGT_X0Y21,O,XCVU160-H1FLGC2104,IC15,MGTHTXP1_224,AP9,TPTX1_P<1>_C,No,AFBR-811FH1Z,TX4,D1+,F1,-,01
Quad_224/MGT_X0Y22,I,XCVU160-H1FLGC2104,IC15,MGTHRXP2_224,AN2,SLRX1_N<0>_C,C465,AFBR-821FH1Z,RX16,D0-,D2,MP_RXD_N<0>_10,00
Quad_224/MGT_X0Y22,O,XCVU160-H1FLGC2104,IC15,MGTHTXP2_224,AN7,TPTX1_P<5>_C,No,AFBR-811FH1Z,TX4,D5+,J4,-,05
Quad_224/MGT_X0Y23,I,XCVU160-H1FLGC2104,IC15,MGTHRXP3_224,AM4,SLRX1_P<1>_C,C467,AFBR-821FH1Z,RX16,D1+,F1,MP_RXD_P<1>_10,01
Quad_224/MGT_X0Y23,O,XCVU160-H1FLGC2104,IC15,MGTHTXP3_224,AM9,TPTX1_P<0>_C,No,AFBR-811FH1Z,TX4,D0+,D1,-,00
Quad_225/MGT_X0Y24,I,XCVU160-H1FLGC2104,IC15,MGTHRXP0_225,AL2,SLRX1_P<3>_C,C469,AFBR-821FH1Z,RX16,D3+,J2,MP_RXD_P<3>_10,03
Quad_225/MGT_X0Y24,O,XCVU160-H1FLGC2104,IC15,MGTHTXP0_225,AL7,TPTX1_N<7>_C,No,AFBR-811FH1Z,TX4,D7-,H6,-,07
Quad_225/MGT_X0Y25,I,XCVU160-H1FLGC2104,IC15,MGTHRXP1_225,AK4,SLRX1_N<5>_C,C471,AFBR-821FH1Z,RX16,D5-,H4,MP_RXD_N<5>_10,05
Quad_225/MGT_X0Y25,O,XCVU160-H1FLGC2104,IC15,MGTHTXP1_225,AK9,TPTX1_P<9>_C,No,AFBR-811FH1Z,TX4,D9+,J8,-,09
Quad_225/MGT_X0Y26,I,XCVU160-H1FLGC2104,IC15,MGTHRXP2_225,AJ2,SLRX1_N<7>_C,C473,AFBR-821FH1Z,RX16,D7-,H6,MP_RXD_N<7>_10,07
Quad_225/MGT_X0Y26,O,XCVU160-H1FLGC2104,IC15,MGTHTXP2_225,AJ7,TPTX1_N<2>_C,No,AFBR-811FH1Z,TX4,D2-,B2,-,02
Quad_225/MGT_X0Y27,I,XCVU160-H1FLGC2104,IC15,MGTHRXP3_225,AH4,SLRX1_N<9>_C,C475,AFBR-821FH1Z,RX16,D9-,H8,MP_RXD_N<9>_9,09
Quad_225/MGT_X0Y27,O,XCVU160-H1FLGC2104,IC15,MGTHTXP3_225,AH9,TPTX1_N<11>_C,No,AFBR-811FH1Z,TX4,D11-,F8,-,11
Quad_226/MGT_X0Y28,I,XCVU160-H1FLGC2104,IC15,MGTHRXP0_226,AG2,SLRX1_N<11>_C,C477,AFBR-821FH1Z,RX16,D11-,F8,MP_RXD_N<11>_9,11
Quad_226/MGT_X0Y28,O,XCVU160-H1FLGC2104,IC15,MGTHTXP0_226,AG7,TPTX1_N<10>_C,No,AFBR-811FH1Z,TX4,D10-,D8,-,10
Quad_226/MGT_X0Y29,I,XCVU160-H1FLGC2104,IC15,MGTHRXP1_226,AF4,SLRX1_N<10>_C,C479,AFBR-821FH1Z,RX16,D10-,D8,MP_RXD_N<10>_9,10
Quad_226/MGT_X0Y29,O,XCVU160-H1FLGC2104,IC15,MGTHTXP1_226,AF9,TPTX1_N<4>_C,No,AFBR-811FH1Z,TX4,D4-,B4,-,04
Quad_226/MGT_X0Y30,I,XCVU160-H1FLGC2104,IC15,MGTHRXP2_226,AE2,SLRX1_P<8>_C,C481,AFBR-821FH1Z,RX16,D8+,A8,MP_RXD_P<8>_9,08
Quad_226/MGT_X0Y30,O,XCVU160-H1FLGC2104,IC15,MGTHTXP2_226,AE7,TPTX1_N<8>_C,No,AFBR-811FH1Z,TX4,D8-,B8,-,08
Quad_226/MGT_X0Y31,I,XCVU160-H1FLGC2104,IC15,MGTHRXP3_226,AD4,SLRX1_P<6>_C,C483,AFBR-821FH1Z,RX16,D6+,A6,MP_RXD_P<6>_10,06
Quad_226/MGT_X0Y31,O,XCVU160-H1FLGC2104,IC15,MGTHTXP3_226,AD9,TPTX1_N<6>_C,No,AFBR-811FH1Z,TX4,D6-,B6,-,06
Quad_227/MGT_X0Y32,O,XCVU160-H1FLGC2104,IC15,MGTHTXP0_227,AC7,C2T_GT_P<0>,No,XCKU095-1FFVB2104C,IC39,MGTYRXN0_125,AU46,-,00
Quad_227/MGT_X0Y32,I,XCVU160-H1FLGC2104,IC15,MGTHRXP0_227,AC2,SLRX2_N<0>_C,C489,AFBR-821FH1Z,RX17,D0-,D2,MP_RXD_N<0>_11,00
Quad_227/MGT_X0Y33,O,XCVU160-H1FLGC2104,IC15,MGTHTXP1_227,AB9,C2T_GT_P<1>,No,XCKU095-1FFVB2104C,IC39,MGTYRXN1_125,AT44,-,01
Quad_227/MGT_X0Y33,I,XCVU160-H1FLGC2104,IC15,MGTHRXP1_227,AB4,SLRX2_N<2>_C,C487,AFBR-821FH1Z,RX17,D2-,B2,MP_RXD_N<2>_11,02
Quad_227/MGT_X0Y34,O,XCVU160-H1FLGC2104,IC15,MGTHTXP2_227,AA7,C2T_GT_P<2>,No,XCKU095-1FFVB2104C,IC39,MGTYRXN2_125,AR46,-,02
Quad_227/MGT_X0Y34,I,XCVU160-H1FLGC2104,IC15,MGTHRXP2_227,AA2,SLRX2_N<4>_C,C486,AFBR-821FH1Z,RX17,D4-,B4,MP_RXD_N<4>_11,04
Quad_227/MGT_X0Y35,O,XCVU160-H1FLGC2104,IC15,MGTHTXP3_227,Y9,C2T_GT_P<3>,No,XCKU095-1FFVB2104C,IC39,MGTYRXN3_125,AP44,-,03
Quad_227/MGT_X0Y35,I,XCVU160-H1FLGC2104,IC15,MGTHRXP3_227,Y4,SLRX2_N<1>_C,C492,AFBR-821FH1Z,RX17,D1-,F2,MP_RXD_N<1>_11,01
Quad_228/MGT_X0Y36,O,XCVU160-H1FLGC2104,IC15,MGTHTXP0_228,W7,C2T_GT_P<4>,No,XCKU095-1FFVB2104C,IC39,MGTYRXN0_126,AN46,-,04
Quad_228/MGT_X0Y36,I,XCVU160-H1FLGC2104,IC15,MGTHRXP0_228,W2,SLRX2_N<3>_C,C494,AFBR-821FH1Z,RX17,D3-,H2,MP_RXD_N<3>_11,03
Quad_228/MGT_X0Y37,O,XCVU160-H1FLGC2104,IC15,MGTHTXP1_228,V9,C2T_GT_P<5>,No,XCKU095-1FFVB2104C,IC39,MGTYRXN1_126,AM44,-,05
Quad_228/MGT_X0Y37,I,XCVU160-H1FLGC2104,IC15,MGTHRXP1_228,V4,SLRX2_P<5>_C,C496,AFBR-821FH1Z,RX17,D5+,J4,MP_RXD_P<5>_11,05
Quad_228/MGT_X0Y38,O,XCVU160-H1FLGC2104,IC15,MGTHTXP2_228,U7,C2T_GT_P<6>,No,XCKU095-1FFVB2104C,IC39,MGTYRXN2_126,AL46,-,06
Quad_228/MGT_X0Y38,I,XCVU160-H1FLGC2104,IC15,MGTHRXP2_228,U2,SLRX2_P<7>_C,C498,AFBR-821FH1Z,RX17,D7+,J6,MP_RXD_P<7>_11,07
Quad_228/MGT_X0Y39,O,XCVU160-H1FLGC2104,IC15,MGTHTXP3_228,T9,C2T_GT_P<7>,No,XCKU095-1FFVB2104C,IC39,MGTYRXN3_126,AK44,-,07
Quad_228/MGT_X0Y39,I,XCVU160-H1FLGC2104,IC15,MGTHRXP3_228,T4,SLRX2_P<9>_C,C500,AFBR-821FH1Z,RX17,D9+,J8,MP_RXD_P<9>_10,09
Quad_229/MGT_X0Y40,O,XCVU160-H1FLGC2104,IC15,MGTHTXP0_229,R7,C2T_GT_P<8>,No,XCKU095-1FFVB2104C,IC39,MGTYRXN0_127,AJ46,-,08
Quad_229/MGT_X0Y40,I,XCVU160-H1FLGC2104,IC15,MGTHRXP0_229,R2,SLRX2_P<11>_C,C502,AFBR-821FH1Z,RX17,D11+,F9,MP_RXD_P<11>_10,11
Quad_229/MGT_X0Y41,O,XCVU160-H1FLGC2104,IC15,MGTHTXP1_229,P9,C2T_GT_P<9>,No,XCKU095-1FFVB2104C,IC39,MGTYRXN1_127,AH44,-,09
Quad_229/MGT_X0Y41,I,XCVU160-H1FLGC2104,IC15,MGTHRXP1_229,P4,SLRX2_P<10>_C,C504,AFBR-821FH1Z,RX17,D10+,D9,MP_RXD_P<10>_10,10
Quad_229/MGT_X0Y42,O,XCVU160-H1FLGC2104,IC15,MGTHTXP2_229,N7,C2T_GT_P<10>,No,XCKU095-1FFVB2104C,IC39,MGTYRXN2_127,AG46,-,10
Quad_229/MGT_X0Y42,I,XCVU160-H1FLGC2104,IC15,MGTHRXP2_229,N2,SLRX2_N<8>_C,C506,AFBR-821FH1Z,RX17,D8-,B8,MP_RXD_N<8>_10,08
Quad_229/MGT_X0Y43,O,XCVU160-H1FLGC2104,IC15,MGTHTXP3_229,M9,C2T_GT_P<11>,No,XCKU095-1FFVB2104C,IC39,MGTYRXN3_127,AF44,-,11
Quad_229/MGT_X0Y43,I,XCVU160-H1FLGC2104,IC15,MGTHRXP3_229,M4,SLRX2_N<6>_C,C508,AFBR-821FH1Z,RX17,D6-,B6,MP_RXD_N<6>_11,06
Quad_230/MGT_X0Y44,O,XCVU160-H1FLGC2104,IC15,MGTHTXP0_230,L7,C2T_GT_P<12>,No,XCKU095-1FFVB2104C,IC39,MGTYRXN0_128,AE46,-,12
Quad_230/MGT_X0Y44,I,XCVU160-H1FLGC2104,IC15,MGTHRXP0_230,L2,SLRX3_N<4>_C,C510,AFBR-821FH1Z,RX18,D4-,B4,MP_RXD_N<4>_12,04
Quad_230/MGT_X0Y45,O,XCVU160-H1FLGC2104,IC15,MGTHTXP1_230,K9,C2T_GT_P<13>,No,XCKU095-1FFVB2104C,IC39,MGTYRXN1_128,AD44,-,13
Quad_230/MGT_X0Y45,I,XCVU160-H1FLGC2104,IC15,MGTHRXP1_230,K4,SLRX3_P<10>_C,C528,AFBR-821FH1Z,RX18,D10+,D9,MP_RXD_P<10>_11,10
Quad_230/MGT_X0Y46,O,XCVU160-H1FLGC2104,IC15,MGTHTXP2_230,J7,C2T_GT_P<14>,No,XCKU095-1FFVB2104C,IC39,MGTYRXP2_128,AC45,-,14
Quad_230/MGT_X0Y46,I,XCVU160-H1FLGC2104,IC15,MGTHRXP2_230,J2,SLRX3_P<11>_C,C526,AFBR-821FH1Z,RX18,D11+,F9,MP_RXD_P<11>_11,11
Quad_230/MGT_X0Y47,O,XCVU160-H1FLGC2104,IC15,MGTHTXP3_230,H9,C2T_GT_P<15>,No,XCKU095-1FFVB2104C,IC39,MGTYRXP3_128,AB43,-,15
Quad_230/MGT_X0Y47,I,XCVU160-H1FLGC2104,IC15,MGTHRXP3_230,H4,SLRX3_P<9>_C,C524,AFBR-821FH1Z,RX18,D9+,J8,MP_RXD_P<9>_11,09
Quad_231/MGT_X0Y48,O,XCVU160-H1FLGC2104,IC15,MGTHTXP0_231,G7,C2T_GT_P<16>,No,XCKU095-1FFVB2104C,IC39,MGTYRXP0_129,AA45,-,16
Quad_231/MGT_X0Y48,I,XCVU160-H1FLGC2104,IC15,MGTHRXP0_231,G2,SLRX3_P<2>_C,C512,AFBR-821FH1Z,RX18,D2+,A2,MP_RXD_P<2>_12,02
Quad_231/MGT_X0Y49,O,XCVU160-H1FLGC2104,IC15,MGTHTXP1_231,F9,C2T_GT_P<17>,No,XCKU095-1FFVB2104C,IC39,MGTYRXP1_129,Y43,-,17
Quad_231/MGT_X0Y49,I,XCVU160-H1FLGC2104,IC15,MGTHRXP1_231,F4,SLRX3_P<7>_C,C522,AFBR-821FH1Z,RX18,D7+,J6,MP_RXD_P<7>_12,07
Quad_231/MGT_X0Y50,O,XCVU160-H1FLGC2104,IC15,MGTHTXP2_231,G11,C2T_GT_P<18>,No,XCKU095-1FFVB2104C,IC39,MGTYRXP3_129,V43,-,18
Quad_231/MGT_X0Y50,I,XCVU160-H1FLGC2104,IC15,MGTHRXP2_231,G16,SLRX3_N<8>_C,C530,AFBR-821FH1Z,RX18,D8-,B8,MP_RXD_N<8>_11,08
Quad_231/MGT_X0Y51,O,XCVU160-H1FLGC2104,IC15,MGTHTXP3_231,F13,C2T_GT_P<19>,No,XCKU095-1FFVB2104C,IC39,MGTYRXP3_131,K43,-,19
Quad_231/MGT_X0Y51,I,XCVU160-H1FLGC2104,IC15,MGTHRXP3_231,E16,SLRX3_N<6>_C,C532,AFBR-821FH1Z,RX18,D6-,B6,MP_RXD_N<6>_12,06
Quad_232/MGT_X0Y52,O,XCVU160-H1FLGC2104,IC15,MGTHTXP0_232,E7,C2T_GT_P<20>,No,XCKU095-1FFVB2104C,IC39,MGTYRXP2_129,W45,-,20
Quad_232/MGT_X0Y52,I,XCVU160-H1FLGC2104,IC15,MGTHRXP0_232,E2,SLRX3_N<1>_C,C516,AFBR-821FH1Z,RX18,D1-,F2,MP_RXD_N<1>_12,01
Quad_232/MGT_X0Y53,O,XCVU160-H1FLGC2104,IC15,MGTHTXP1_232,E11,C2T_GT_P<21>,No,XCKU095-1FFVB2104C,IC39,MGTYRXP0_131,N45,-,21
Quad_232/MGT_X0Y53,I,XCVU160-H1FLGC2104,IC15,MGTHRXP1_232,D4,SLRX3_P<5>_C,C520,AFBR-821FH1Z,RX18,D5+,J4,MP_RXD_P<5>_12,05
Quad_232/MGT_X0Y54,O,XCVU160-H1FLGC2104,IC15,MGTHTXP2_232,C7,C2T_GT_P<22>,No,XCKU095-1FFVB2104C,IC39,MGTYRXP0_130,U45,-,22
Quad_232/MGT_X0Y54,I,XCVU160-H1FLGC2104,IC15,MGTHRXP2_232,C2,SLRX3_P<0>_C,C514,AFBR-821FH1Z,RX18,D0+,D1,MP_RXD_P<0>_12,00
Quad_232/MGT_X0Y55,O,XCVU160-H1FLGC2104,IC15,MGTHTXP3_232,A7,C2T_GT_P<23>,No,XCKU095-1FFVB2104C,IC39,MGTYRXP1_130,T43,-,23
Quad_232/MGT_X0Y55,I,XCVU160-H1FLGC2104,IC15,MGTHRXP3_232,B4,SLRX3_N<3>_C,C518,AFBR-821FH1Z,RX18,D3-,H2,MP_RXD_N<3>_12,03
Quad_233/MGT_X0Y56,O,XCVU160-H1FLGC2104,IC15,MGTHTXP0_233,D9,C2T_GT_P<24>,No,XCKU095-1FFVB2104C,IC39,MGTYRXP2_130,R45,-,24
Quad_233/MGT_X0Y56,I,XCVU160-H1FLGC2104,IC15,MGTHRXP0_233,D14,SLRX8_N<6>_C,C367,AFBR-821FH1Z,RX14,D6-,B6,MP_RXD_N<6>,06
Quad_233/MGT_X0Y57,O,XCVU160-H1FLGC2104,IC15,MGTHTXP1_233,C11,C2T_GT_P<25>,No,XCKU095-1FFVB2104C,IC39,MGTYRXP2_131,L45,-,25
Quad_233/MGT_X0Y57,I,XCVU160-H1FLGC2104,IC15,MGTHRXP1_233,C16,SLRX8_P<2>_C,C363,AFBR-821FH1Z,RX14,D2+,A2,MP_RXD_P<2>,02
Quad_233/MGT_X0Y58,O,XCVU160-H1FLGC2104,IC15,MGTHTXP2_233,B9,C2T_GT_P<26>,No,XCKU095-1FFVB2104C,IC39,MGTYRXP3_130,P43,-,26
Quad_233/MGT_X0Y58,I,XCVU160-H1FLGC2104,IC15,MGTHRXP2_233,B14,SLRX8_P<7>_C,C377,AFBR-821FH1Z,RX14,D7+,J6,MP_RXD_P<7>,07
Quad_233/MGT_X0Y59,O,XCVU160-H1FLGC2104,IC15,MGTHTXP3_233,A11,C2T_GT_P<27>,No,XCKU095-1FFVB2104C,IC39,MGTYRXP1_131,M43,-,27
Quad_233/MGT_X0Y59,I,XCVU160-H1FLGC2104,IC15,MGTHRXP3_233,A16,SLRX8_N<4>_C,C365,AFBR-821FH1Z,RX14,D4-,B4,MP_RXD_N<4>,04
